{"std_0": 90, "std_end": 5, "lamb_0": 10, "lamb_end": 9, "tau": 0.0001, "output_psnr": -14.236864388492272, "output_ssim": 0.0017039760714396834, "_timestamp": 1700835627.1183755, "_runtime": 30.086824655532837, "_step": 0, "_wandb": {"runtime": 31}}