{"std_0": 0.07058823529411765, "std_end": 0.007058823529411765, "lamb_0": 0.1, "lamb_end": 0.1, "tau": 2, "maxitr": 400, "output_psnr": 21.130409136872565, "output_ssim": 0.6042293310165405, "_timestamp": 1701251788.7758894, "_runtime": 627.7998864650726, "_step": 9, "_wandb": {"runtime": 626}}