{"std_0": 80, "std_end": 5, "lamb_0": 30, "lamb_end": 5, "tau": 0.001, "output_psnr": 20.145184685452666, "output_ssim": 0.6325170397758484, "_timestamp": 1700821314.1257036, "_runtime": 58.613805532455444, "_step": 0, "_wandb": {"runtime": 61}}