{"std_0": 0.07058823529411765, "std_end": 0.007058823529411765, "lamb_0": 0.1, "lamb_end": 3, "stepsize": 0.1, "maxitr": 600, "output_psnr": 24.205679389685805, "output_ssim": 0.6819027066230774, "_timestamp": 1701965155.7552, "_runtime": 347.48168683052063, "_step": 0, "_wandb": {"runtime": 346}}