{"std_0": 90, "std_end": 5, "lamb_0": 20, "lamb_end": 0.1, "tau": 0.0001, "output_psnr": 19.313333991130353, "output_ssim": 0.583245038986206, "_timestamp": 1700836719.8149805, "_runtime": 33.44118356704712, "_step": 0, "_wandb": {"runtime": 35}}