{"std_0": 80, "std_end": 7, "lamb_0": 50, "lamb_end": 5, "tau": 0.001, "output_psnr": 19.627714016190392, "output_ssim": 0.6005392670631409, "_timestamp": 1700827824.3302252, "_runtime": 58.921868324279785, "_step": 0, "_wandb": {"runtime": 61}}