{"std_0": 80, "std_end": 5, "lamb_0": 30, "lamb_end": 5, "tau": 0.0005, "output_psnr": 19.652195317873815, "output_ssim": 0.5174756050109863, "_timestamp": 1700821235.9064856, "_runtime": 58.370208501815796, "_step": 0, "_wandb": {"runtime": 62}}