{"std_0": null, "std_end": null, "lamb_0": null, "lamb_end": null, "stepsize": 0.01, "maxitr": 100, "output_psnr": 30.30339025899817, "output_ssim": 0.7983460426330566, "output_lpips": NaN, "output_brisque": NaN, "_timestamp": 1710507409.9985385, "_runtime": 16.252886533737183, "_step": 0, "_wandb": {"runtime": 11}}