{"std_0": 68.12346230692971, "std_end": 2.61784454429007, "lamb_0": 28.024203098947105, "lamb_end": 3.623957419683181, "tau": 0.00044143259126919735, "output_psnr": 19.768131867580625, "output_ssim": 0.528669536113739, "_timestamp": 1700816420.8827822, "_runtime": 58.40985918045044, "_step": 0, "_wandb": {"runtime": 61}}