{"std_0": 0.07058823529411765, "std_end": 0.007058823529411765, "lamb_0": 0.3, "lamb_end": 0.3, "tau": 1, "maxitr": 200, "output_psnr": 24.54539916141217, "output_ssim": 0.812029242515564, "_timestamp": 1701248308.520278, "_runtime": 334.275013923645, "_step": 9, "_wandb": {"runtime": 333}}