{"std_0": 30.13018550968218, "std_end": 23.99793474777358, "lamb_0": 42.11628514546421, "lamb_end": 28.571967351534536, "tau": 0.04284146369850991, "output_psnr": -54.322961887830665, "output_ssim": 7.770884735691652e-08, "_timestamp": 1700815247.058832, "_runtime": 1.83237886428833, "_step": 2, "_wandb": {"runtime": 3}}