{"std_0": null, "std_end": null, "lamb_0": null, "lamb_end": null, "stepsize": 0.005, "maxitr": 100, "output_psnr": 31.303634975786373, "output_ssim": 0.8803949952125549, "output_lpips": NaN, "output_brisque": NaN, "_timestamp": 1710508279.2992132, "_runtime": 12.543846130371094, "_step": 0, "_wandb": {"runtime": 11}}