{"std_0": 90, "std_end": 5, "lamb_0": 10, "lamb_end": 1, "tau": 0.0001, "output_psnr": 19.789293566255928, "output_ssim": 0.6028546690940857, "_timestamp": 1700836422.199989, "_runtime": 36.48179316520691, "_step": 0, "_wandb": {"runtime": 38}}