{"std_0": null, "std_end": null, "lamb_0": null, "lamb_end": null, "stepsize": 0.1, "maxitr": 500, "output_psnr": 24.71875683832805, "output_ssim": 0.8074619174003601, "output_lpips": 0.1686518539985021, "output_brisque": 83.86378125344903, "_timestamp": 1711195551.603897, "_runtime": 147.1169672012329, "_step": 0, "_wandb": {"runtime": 146}}