{"std_0": 0.07058823529411765, "std_end": 0.007058823529411765, "lamb_0": 0.1, "lamb_end": 0.1, "tau": 1, "maxitr": 400, "output_psnr": 23.254701557518793, "output_ssim": 0.6883535385131836, "_timestamp": 1701251137.291345, "_runtime": 613.135901927948, "_step": 9, "_wandb": {"runtime": 611}}