{"std_0": null, "std_end": null, "lamb_0": null, "lamb_end": null, "stepsize": 0.005, "maxitr": 100, "output_psnr": 26.055596771273176, "output_ssim": 0.5729585289955139, "output_lpips": NaN, "output_brisque": NaN, "_timestamp": 1710507480.5741422, "_runtime": 12.90514612197876, "_step": 0, "_wandb": {"runtime": 12}}