{"std_0": 0.07058823529411765, "std_end": 0.007058823529411765, "lamb_0": 0.1, "lamb_end": 2.5, "stepsize": 0.2, "maxitr": 600, "output_psnr": 19.29932807122017, "output_ssim": 0.4627626836299896, "_timestamp": 1701966630.529231, "_runtime": 355.1773371696472, "_step": 0, "_wandb": {"runtime": 354}}