{"std_0": 90, "std_end": 5, "lamb_0": 2, "lamb_end": 0.1, "tau": 0.0001, "output_psnr": 18.547320783665203, "output_ssim": 0.44842180609703064, "_timestamp": 1700836522.99508, "_runtime": 33.979413986206055, "_step": 0, "_wandb": {"runtime": 35}}