{"std_0": 90, "std_end": 5, "lamb_0": 10, "lamb_end": 9, "tau": 0.0001, "output_psnr": -14.082406770414897, "output_ssim": 0.0016187491128221154, "_timestamp": 1700835564.7507544, "_runtime": 240.11639547348022, "_step": 7, "_wandb": {"runtime": 245}}