{"std_0": 0.19607843137254902, "std_end": 0.0196078431372549, "lamb_0": 0.15, "lamb_end": 0.5, "stepsize": 0.5, "maxitr": 500, "output_psnr": 30.910673239200165, "output_ssim": 0.917892336845398, "output_lpips": 0.03935061115771532, "output_brisque": 1.9160164486503675, "_timestamp": 1705931679.6560795, "_runtime": 417.71990942955017, "_step": 0, "_wandb": {"runtime": 414}}