{"std_0": null, "std_end": null, "lamb_0": null, "lamb_end": null, "stepsize": 1.2709329141645, "maxitr": 100, "output_psnr": 26.39083978658564, "output_ssim": 0.6724845767021179, "output_lpips": 0.24600758031010628, "output_brisque": -0.2738405837548328, "_timestamp": 1705914456.9629502, "_runtime": 55.64332413673401, "_step": 0, "_wandb": {"runtime": 52}}