{"std_0": 90, "std_end": 5, "lamb_0": 20, "lamb_end": 1, "tau": 0.0001, "output_psnr": 19.192023032476296, "output_ssim": 0.5708380937576294, "_timestamp": 1700836148.0516615, "_runtime": 34.29673957824707, "_step": 0, "_wandb": {"runtime": 35}}