{"std_0": 0.07058823529411765, "std_end": 0.007058823529411765, "lamb_0": 0.1, "lamb_end": 3, "stepsize": 0.5, "maxitr": 600, "output_psnr": 15.54209099667887, "output_ssim": 0.2960866391658783, "_timestamp": 1701965898.8883843, "_runtime": 361.35748529434204, "_step": 0, "_wandb": {"runtime": 360}}