{"std_0": 90, "std_end": 5, "lamb_0": 20, "lamb_end": 3, "tau": 0.0001, "output_psnr": 18.915772606822006, "output_ssim": 0.5380766987800598, "_timestamp": 1700836193.911182, "_runtime": 33.413142919540405, "_step": 0, "_wandb": {"runtime": 34}}