{"std_0": null, "std_end": null, "lamb_0": null, "lamb_end": null, "stepsize": 0.005, "maxitr": 100, "output_psnr": 31.994061584882978, "output_ssim": 0.9055212140083313, "output_lpips": NaN, "output_brisque": NaN, "_timestamp": 1710507772.3730576, "_runtime": 12.564504623413086, "_step": 0, "_wandb": {"runtime": 11}}