{"std_0": 80, "std_end": 5, "lamb_0": 30, "lamb_end": 0.1, "tau": 0.001, "output_psnr": 19.97637961366947, "output_ssim": 0.5672540664672852, "_timestamp": 1700824154.8788033, "_runtime": 59.17347025871277, "_step": 0, "_wandb": {"runtime": 60}}