{"std_0": 61.99797997804765, "std_end": 2.3246354127957094, "lamb_0": 44.06205349091738, "lamb_end": 3.896568892875045, "tau": 0.00017709546984993006, "output_psnr": 18.735447084095245, "output_ssim": 0.45420125126838684, "_timestamp": 1700816841.8448694, "_runtime": 58.287134408950806, "_step": 0, "_wandb": {"runtime": 61}}