{"std_0": 0.07058823529411765, "std_end": 0.007058823529411765, "lamb_0": 0.3, "lamb_end": 0.3, "tau": 1, "maxitr": 400, "output_psnr": 25.672719200033143, "output_ssim": 0.8401830196380615, "_timestamp": 1701247322.0309186, "_runtime": 622.0220036506653, "_step": 9, "_wandb": {"runtime": 620}}