{"std_0": 100, "std_end": 5, "lamb_0": 30, "lamb_end": 5, "tau": 0.0001, "output_psnr": 15.411885852583646, "output_ssim": 0.32090529799461365, "_timestamp": 1700819517.8928263, "_runtime": 58.97065234184265, "_step": 0, "_wandb": {"runtime": 61}}