{"acc": 0.7752175154701308, "loss": 0.16748791605064395, "_timestamp": 1700752993.816165, "_runtime": 1.1521649360656738, "_step": 7, "_wandb": {"runtime": 0}}