{"std_0": 91.62645348595316, "std_end": 6.151404090060042, "lamb_0": 69.34077371074336, "lamb_end": 3.750782519441869, "tau": 0.003211586010525549, "output_psnr": 17.008802630932575, "output_ssim": 0.3342393934726715, "_timestamp": 1700815537.7449796, "_runtime": 61.81493663787842, "_step": 2, "_wandb": {"runtime": 66}}