{"std_0": 90, "std_end": 5, "lamb_0": 40, "lamb_end": 5, "tau": 0.001, "output_psnr": 19.98264316131704, "output_ssim": 0.6235050559043884, "_timestamp": 1700824778.0338345, "_runtime": 60.265315532684326, "_step": 0, "_wandb": {"runtime": 61}}