{"std_0": 0.07058823529411765, "std_end": 0.007058823529411765, "lamb_0": 0.1, "lamb_end": 0.1, "tau": 1, "maxitr": 600, "output_psnr": 22.131288347007377, "output_ssim": 0.6411374807357788, "_timestamp": 1701249572.5407565, "_runtime": 895.1463253498077, "_step": 9, "_wandb": {"runtime": 893}}