{"std_0": 90, "std_end": 7, "lamb_0": 40, "lamb_end": 5, "tau": 0.001, "output_psnr": 19.99875650587361, "output_ssim": 0.6228797435760498, "_timestamp": 1700824699.3427348, "_runtime": 58.40252184867859, "_step": 0, "_wandb": {"runtime": 61}}