{"std_0": 100, "std_end": 5, "lamb_0": 30, "lamb_end": 5, "tau": 0.001, "output_psnr": 20.23102806930522, "output_ssim": 0.6196600794792175, "_timestamp": 1700819439.307721, "_runtime": 58.34143781661987, "_step": 0, "_wandb": {"runtime": 61}}