{"std_0": 90, "std_end": 10, "lamb_0": 30, "lamb_end": 0.1, "tau": 0.001, "output_psnr": 19.62203580967825, "output_ssim": 0.5124157667160034, "_timestamp": 1700823688.4150324, "_runtime": 58.269426345825195, "_step": 0, "_wandb": {"runtime": 61}}