{"std_0": 80, "std_end": 3, "lamb_0": 30, "lamb_end": 5, "tau": 0.001, "output_psnr": 20.11563054020273, "output_ssim": 0.6299355030059814, "_timestamp": 1700822369.5065072, "_runtime": 58.22778606414795, "_step": 0, "_wandb": {"runtime": 60}}