{"std_0": 90, "std_end": 5, "lamb_0": 2, "lamb_end": 0.05, "tau": 0.0001, "output_psnr": 18.23715428271645, "output_ssim": 0.43080440163612366, "_timestamp": 1700836059.59336, "_runtime": 34.1213960647583, "_step": 0, "_wandb": {"runtime": 35}}