{"std_0": null, "std_end": null, "lamb_0": null, "lamb_end": null, "stepsize": 0.005, "maxitr": 100, "output_psnr": 28.870490272511272, "output_ssim": 0.7489888668060303, "output_lpips": NaN, "output_brisque": NaN, "_timestamp": 1710507344.6072202, "_runtime": 12.363040208816528, "_step": 0, "_wandb": {"runtime": 11}}