{"std_0": 90, "std_end": 5, "lamb_0": 2, "lamb_end": 9, "tau": 0.0001, "output_psnr": -13.934805663583148, "output_ssim": 0.0019230478210374713, "_timestamp": 1700835870.7276895, "_runtime": 27.083258390426636, "_step": 0, "_wandb": {"runtime": 28}}