{"std_0": 100, "std_end": 3, "lamb_0": 40, "lamb_end": 0.1, "tau": 0.001, "output_psnr": 19.68971935799446, "output_ssim": 0.5302582383155823, "_timestamp": 1700826413.9046566, "_runtime": 58.39009475708008, "_step": 0, "_wandb": {"runtime": 60}}