{"std_0": 0.07058823529411765, "std_end": 0.007058823529411765, "lamb_0": 0.05, "lamb_end": 3, "stepsize": 0.2, "maxitr": 600, "output_psnr": 22.320789481507198, "output_ssim": 0.6258686184883118, "_timestamp": 1701967721.7145295, "_runtime": 350.64086961746216, "_step": 0, "_wandb": {"runtime": 349}}