{"std_0": null, "std_end": null, "lamb_0": null, "lamb_end": null, "stepsize": 0.005, "maxitr": 100, "output_psnr": 31.04634678048128, "output_ssim": 0.8300419449806213, "output_lpips": NaN, "output_brisque": NaN, "_timestamp": 1710507303.792766, "_runtime": 12.456218004226685, "_step": 0, "_wandb": {"runtime": 11}}