{"std_0": 90, "std_end": 5, "lamb_0": 20, "lamb_end": 0.1, "tau": 0.0001, "output_psnr": 19.314062449573782, "output_ssim": 0.58335280418396, "_timestamp": 1700836239.991763, "_runtime": 33.865368127822876, "_step": 0, "_wandb": {"runtime": 35}}