{"std_0": 0.07058823529411765, "std_end": 0.007058823529411765, "lamb_0": 0.1, "lamb_end": 3, "stepsize": 0.2, "maxitr": 600, "output_psnr": 22.39267619534624, "output_ssim": 0.6270918250083923, "_timestamp": 1701965523.4788744, "_runtime": 350.5045874118805, "_step": 0, "_wandb": {"runtime": 349}}