{"std_0": 90, "std_end": 5, "lamb_0": 2, "lamb_end": 3, "tau": 0.0001, "output_psnr": 19.933990444274773, "output_ssim": 0.5931815505027771, "_timestamp": 1700836672.8074937, "_runtime": 33.32699370384216, "_step": 0, "_wandb": {"runtime": 35}}