{"std_0": 0.07058823529411765, "std_end": 0.007058823529411765, "lamb_0": 0.1, "lamb_end": 0.1, "tau": 2, "maxitr": 600, "output_psnr": 19.60119338823116, "output_ssim": 0.551946759223938, "_timestamp": 1701250505.957202, "_runtime": 916.8310708999634, "_step": 9, "_wandb": {"runtime": 915}}