{"std_0": 0.07058823529411765, "std_end": 0.007058823529411765, "lamb_0": 0.05, "lamb_end": 3, "stepsize": 0.1, "maxitr": 600, "output_psnr": 24.20592027166938, "output_ssim": 0.6819796562194824, "_timestamp": 1701967357.1090615, "_runtime": 340.36462140083313, "_step": 0, "_wandb": {"runtime": 339}}