{"std_0": 0.07058823529411765, "std_end": 0.007058823529411765, "lamb_0": 0.3, "lamb_end": 0.3, "tau": 2, "maxitr": 200, "output_psnr": 25.157392570133393, "output_ssim": 0.7970774173736572, "_timestamp": 1701248658.2628438, "_runtime": 335.9091477394104, "_step": 9, "_wandb": {"runtime": 334}}