{"std_0": null, "std_end": null, "lamb_0": null, "lamb_end": null, "stepsize": 0.005, "maxitr": 100, "output_psnr": 31.199226031607054, "output_ssim": 0.8717269897460938, "output_lpips": NaN, "output_brisque": NaN, "_timestamp": 1710507573.895492, "_runtime": 12.86701512336731, "_step": 0, "_wandb": {"runtime": 12}}