{"std_0": 0.07058823529411765, "std_end": 0.007058823529411765, "lamb_0": 0.3, "lamb_end": 0.3, "tau": 1, "maxitr": 600, "output_psnr": 25.896485008990055, "output_ssim": 0.8463446497917175, "_timestamp": 1701260871.979987, "_runtime": 116.85293483734131, "_step": 0, "_wandb": {"runtime": 115}}