{"std_0": 0.07058823529411765, "std_end": 0.007058823529411765, "lamb_0": 0.1, "lamb_end": 0.1, "stepsize": 0.1, "maxitr": 600, "output_psnr": 17.329887885379108, "output_ssim": 0.36565104126930237, "_timestamp": 1701963422.4611473, "_runtime": 250.58700037002563, "_step": 0, "_wandb": {"runtime": 249}}