{"std_0": 90, "std_end": 5, "lamb_0": 10, "lamb_end": 0.05, "tau": 0.0001, "output_psnr": 20.023363262314476, "output_ssim": 0.6246852278709412, "_timestamp": 1700836372.614884, "_runtime": 33.51778197288513, "_step": 0, "_wandb": {"runtime": 35}}