{"std_0": 90, "std_end": 5, "lamb_0": 2, "lamb_end": 3, "tau": 0.0001, "output_psnr": 19.933421634291406, "output_ssim": 0.5930829048156738, "_timestamp": 1700835965.831036, "_runtime": 33.78706097602844, "_step": 0, "_wandb": {"runtime": 35}}