{"std_0": 79.96209075406844, "std_end": 5.784038664701395, "lamb_0": 66.95846546041328, "lamb_end": 4.044221523407672, "tau": 6.98464119703273e-05, "output_psnr": 16.24542541206434, "output_ssim": 0.34836864471435547, "_timestamp": 1700816254.5512471, "_runtime": 63.062814235687256, "_step": 0, "_wandb": {"runtime": 66}}