{"std_0": 83.91819030049196, "std_end": 5.174404776568868, "lamb_0": 42.59046627484079, "lamb_end": 4.5050532641708285, "tau": 0.0006318345524459208, "output_psnr": 20.266370639689807, "output_ssim": 0.6243142485618591, "_timestamp": 1700816333.9970229, "_runtime": 60.94386386871338, "_step": 0, "_wandb": {"runtime": 64}}