{"std_0": 0.07058823529411765, "std_end": 0.007058823529411765, "lamb_0": 0.1, "lamb_end": 0.1, "tau": 1, "maxitr": 200, "output_psnr": 23.795561924943836, "output_ssim": 0.7343592047691345, "_timestamp": 1701252130.5945132, "_runtime": 327.4200792312622, "_step": 9, "_wandb": {"runtime": 326}}