{"std_0": 86.12230397095743, "std_end": 4.828788203793209, "lamb_0": 36.01770609232338, "lamb_end": 0.7481117047430683, "tau": 0.0008234431966742244, "output_psnr": 21.860429645175408, "output_ssim": 0.5051057934761047, "_timestamp": 1700815691.3903387, "_runtime": 57.33913254737854, "_step": 2, "_wandb": {"runtime": 61}}