{"std_0": null, "std_end": null, "lamb_0": null, "lamb_end": null, "stepsize": 0.0004113576794476794, "maxitr": 100, "output_psnr": 25.45698679980497, "output_ssim": 0.6066437363624573, "output_lpips": 0.2736978866159916, "output_brisque": 5.259206996759417, "_timestamp": 1705914385.0030062, "_runtime": 52.94480228424072, "_step": 0, "_wandb": {"runtime": 52}}