{"std_0": 0.07058823529411765, "std_end": 0.007058823529411765, "lamb_0": 0.3, "lamb_end": 0.3, "tau": 1, "maxitr": 600, "output_psnr": 25.976728009984406, "output_ssim": 0.8461754322052002, "_timestamp": 1701254541.7015352, "_runtime": 1403.7198603153229, "_step": 9, "_wandb": {"runtime": 1402}}