{"std_0": 0.07058823529411765, "std_end": 0.007058823529411765, "lamb_0": 0.3, "lamb_end": 0.3, "tau": 1, "maxitr": 600, "output_psnr": 25.975742190669386, "output_ssim": 0.8461633324623108, "_timestamp": 1701252058.9781091, "_runtime": 1451.2999391555786, "_step": 9, "_wandb": {"runtime": 1450}}