{"std_0": 100, "std_end": 7, "lamb_0": 30, "lamb_end": 5, "tau": 0.0005, "output_psnr": 18.347035910579898, "output_ssim": 0.4318198263645172, "_timestamp": 1700819128.2241726, "_runtime": 58.09821057319641, "_step": 0, "_wandb": {"runtime": 61}}