{"std_0": 0.07058823529411765, "std_end": 0.007058823529411765, "lamb_0": 0.1, "lamb_end": 0.1, "tau": 2, "maxitr": 200, "output_psnr": 23.130664569918192, "output_ssim": 0.6802234649658203, "_timestamp": 1701252847.0786772, "_runtime": 346.9882950782776, "_step": 9, "_wandb": {"runtime": 345}}