{"std_0": 97.83963189122566, "std_end": 1.2402298439662471, "lamb_0": 53.38855522660592, "lamb_end": 3.255375921361006, "tau": 0.0040444731826830655, "output_psnr": 17.520879720061686, "output_ssim": 0.34546342492103577, "_timestamp": 1700815768.0614533, "_runtime": 57.49553632736206, "_step": 2, "_wandb": {"runtime": 61}}