{"std_0": 81.87641825761119, "std_end": 6.265282911491224, "lamb_0": 43.249102338755804, "lamb_end": 4.32041335251112, "tau": 0.0007029236907955073, "output_psnr": 20.181440914513598, "output_ssim": 0.6269717216491699, "_timestamp": 1700816498.8433373, "_runtime": 58.03500032424927, "_step": 0, "_wandb": {"runtime": 62}}