{"std_0": 90, "std_end": 5, "lamb_0": 2, "lamb_end": 1, "tau": 0.0001, "output_psnr": 20.289922126624372, "output_ssim": 0.6303437352180481, "_timestamp": 1700835918.8360302, "_runtime": 33.41009736061096, "_step": 0, "_wandb": {"runtime": 35}}