{"std_0": 80, "std_end": 5, "lamb_0": 30, "lamb_end": 5, "tau": 0.001, "output_psnr": 20.146678454466578, "output_ssim": 0.6325655579566956, "_timestamp": 1700822292.2170587, "_runtime": 58.73834562301636, "_step": 0, "_wandb": {"runtime": 61}}