{"std_0": 90.67076091341347, "std_end": 6.730046965350666, "lamb_0": 30.584903715118095, "lamb_end": 4.598142051089937, "tau": 0.0006337257614138294, "output_psnr": 19.627186740728117, "output_ssim": 0.5148598551750183, "_timestamp": 1700816765.4744124, "_runtime": 61.188984394073486, "_step": 0, "_wandb": {"runtime": 64}}