{"std_0": null, "std_end": null, "lamb_0": null, "lamb_end": null, "stepsize": 0.01, "maxitr": 100, "output_psnr": 27.03389578265097, "output_ssim": 0.7261197566986084, "output_lpips": NaN, "output_brisque": NaN, "_timestamp": 1710507651.1153686, "_runtime": 13.852381706237793, "_step": 0, "_wandb": {"runtime": 13}}