{"std_0": null, "std_end": null, "lamb_0": null, "lamb_end": null, "stepsize": 0.001, "maxitr": 100, "output_psnr": 25.35166682733795, "output_ssim": 0.5393180251121521, "output_lpips": NaN, "output_brisque": NaN, "_timestamp": 1710508259.178815, "_runtime": 12.92377781867981, "_step": 0, "_wandb": {"runtime": 12}}