{"std_0": 0.07058823529411765, "std_end": 0.007058823529411765, "lamb_0": 0.3, "lamb_end": 0.3, "tau": 1, "maxitr": 600, "output_psnr": 25.976471791105915, "output_ssim": 0.8461790680885315, "_timestamp": 1701245757.2988274, "_runtime": 929.214325428009, "_step": 9, "_wandb": {"runtime": 928}}