{"std_0": 0.07058823529411765, "std_end": 0.007058823529411765, "lamb_0": 0.1, "lamb_end": 2.5, "stepsize": 0.5, "maxitr": 600, "output_psnr": 15.514963266438349, "output_ssim": 0.29745057225227356, "_timestamp": 1701967003.0598392, "_runtime": 359.89467215538025, "_step": 0, "_wandb": {"runtime": 358}}