{"std_0": 90, "std_end": 3, "lamb_0": 30, "lamb_end": 5, "tau": 0.001, "output_psnr": 20.226930637338565, "output_ssim": 0.6378040313720703, "_timestamp": 1700822059.3790472, "_runtime": 58.11299109458923, "_step": 0, "_wandb": {"runtime": 60}}