{"std_0": 90, "std_end": 5, "lamb_0": 10, "lamb_end": 0.05, "tau": 0.0001, "output_psnr": 20.02202303739924, "output_ssim": 0.6246225237846375, "_timestamp": 1700835830.5988052, "_runtime": 33.689698219299316, "_step": 0, "_wandb": {"runtime": 35}}