{"std_0": 90, "std_end": 3, "lamb_0": 30, "lamb_end": 0.1, "tau": 0.001, "output_psnr": 19.789630745577487, "output_ssim": 0.532758355140686, "_timestamp": 1700823919.9784431, "_runtime": 58.06815004348755, "_step": 0, "_wandb": {"runtime": 60}}