{"std_0": 0.07058823529411765, "std_end": 0.007058823529411765, "lamb_0": 0.3, "lamb_end": 0.3, "tau": 2, "maxitr": 400, "output_psnr": 25.607792134726182, "output_ssim": 0.8354154229164124, "_timestamp": 1701247958.2530112, "_runtime": 612.3311853408813, "_step": 9, "_wandb": {"runtime": 611}}