{"std_0": 0.07058823529411765, "std_end": 0.007058823529411765, "lamb_0": 0.1, "lamb_end": 0.1, "stepsize": 0.1, "maxitr": 600, "output_psnr": 17.329872604823517, "output_ssim": 0.36564698815345764, "_timestamp": 1701964565.6458776, "_runtime": 362.9417746067047, "_step": 0, "_wandb": {"runtime": 362}}