{"std_0": 80, "std_end": 10, "lamb_0": 30, "lamb_end": 0.1, "tau": 0.001, "output_psnr": 19.890085686173542, "output_ssim": 0.5514774322509766, "_timestamp": 1700823998.6489816, "_runtime": 58.78234553337097, "_step": 0, "_wandb": {"runtime": 60}}