{"std_0": 100, "std_end": 5, "lamb_0": 30, "lamb_end": 0.1, "tau": 0.001, "output_psnr": 19.328870340577183, "output_ssim": 0.48605021834373474, "_timestamp": 1700823533.7504244, "_runtime": 58.430262327194214, "_step": 0, "_wandb": {"runtime": 60}}