{"std_0": 0.07058823529411765, "std_end": 0.007058823529411765, "lamb_0": 0.05, "lamb_end": 3, "stepsize": 0.5, "maxitr": 600, "output_psnr": 15.539325724814537, "output_ssim": 0.29615363478660583, "_timestamp": 1701968095.2842066, "_runtime": 357.18836855888367, "_step": 0, "_wandb": {"runtime": 356}}