{"std_0": 32.383487294731, "std_end": 16.166896938698656, "lamb_0": 149.85330814075255, "lamb_end": 4.273437197807789, "tau": 0.011200787748653048, "output_psnr": -50.9157009312827, "output_ssim": 1.6373269318137318e-07, "_timestamp": 1700815219.525581, "_runtime": 11.143767833709717, "_step": 2, "_wandb": {"runtime": 13}}