{"std_0": 0.07058823529411765, "std_end": 0.007058823529411765, "lamb_0": 0.1, "lamb_end": 2.5, "stepsize": 0.1, "maxitr": 600, "output_psnr": 24.03141474985537, "output_ssim": 0.6846479773521423, "_timestamp": 1701966258.8846476, "_runtime": 348.1836566925049, "_step": 0, "_wandb": {"runtime": 347}}