{"std_0": 90, "std_end": 7, "lamb_0": 30, "lamb_end": 5, "tau": 0.0001, "output_psnr": 15.493281728542359, "output_ssim": 0.3234064280986786, "_timestamp": 1700820214.6543508, "_runtime": 58.37677574157715, "_step": 0, "_wandb": {"runtime": 62}}