{"std_0": 0.07058823529411765, "std_end": 0.007058823529411765, "lamb_0": 0.05, "lamb_end": 2.5, "stepsize": 0.1, "maxitr": 600, "output_psnr": 24.031751544112193, "output_ssim": 0.6845836639404297, "_timestamp": 1701968456.6039588, "_runtime": 349.813551902771, "_step": 0, "_wandb": {"runtime": 348}}