{"std_0": 90, "std_end": 5, "lamb_0": 30, "lamb_end": 0.1, "tau": 0.001, "output_psnr": 19.73794982545905, "output_ssim": 0.5257048010826111, "_timestamp": 1700823843.344722, "_runtime": 58.36395502090454, "_step": 0, "_wandb": {"runtime": 60}}