{"std_0": 90, "std_end": 3, "lamb_0": 50, "lamb_end": 5, "tau": 0.001, "output_psnr": 19.700327936631695, "output_ssim": 0.6054164171218872, "_timestamp": 1700827658.2992468, "_runtime": 59.29956769943237, "_step": 0, "_wandb": {"runtime": 62}}