{"std_0": 99.84075509167522, "std_end": 8.868564538206863, "lamb_0": 49.76755474263983, "lamb_end": 4.705880774180903, "tau": 0.0005650253937476585, "output_psnr": 19.668234129517042, "output_ssim": 0.5194726586341858, "_timestamp": 1700816919.6031892, "_runtime": 58.19148111343384, "_step": 0, "_wandb": {"runtime": 61}}