{"std_0": 0.07058823529411765, "std_end": 0.007058823529411765, "lamb_0": 0.3, "lamb_end": 0.3, "tau": 2, "maxitr": 600, "output_psnr": 24.297163258380298, "output_ssim": 0.8048698902130127, "_timestamp": 1701246683.536444, "_runtime": 911.9359638690948, "_step": 9, "_wandb": {"runtime": 910}}