{"std_0": 90, "std_end": 10, "lamb_0": 30, "lamb_end": 1, "tau": 0.001, "output_psnr": 19.770729245472864, "output_ssim": 0.530250608921051, "_timestamp": 1700822756.1464531, "_runtime": 58.1131272315979, "_step": 0, "_wandb": {"runtime": 60}}