{"std_0": null, "std_end": null, "lamb_0": null, "lamb_end": null, "stepsize": 0.001, "maxitr": 100, "output_psnr": 24.64686561579641, "output_ssim": 0.5331471562385559, "output_lpips": NaN, "output_brisque": NaN, "_timestamp": 1710508540.361615, "_runtime": 13.880770921707153, "_step": 0, "_wandb": {"runtime": 13}}