{"std_0": null, "std_end": null, "lamb_0": null, "lamb_end": null, "stepsize": 4.6829414017158465e-18, "maxitr": 400, "output_psnr": 26.285179709861982, "output_ssim": 0.6638256907463074, "output_lpips": 0.257410142570734, "output_brisque": 3.685034046734065, "_timestamp": 1705931998.153291, "_runtime": 371.11265087127686, "_step": 0, "_wandb": {"runtime": 370}}