{"std_0": 80, "std_end": 10, "lamb_0": 50, "lamb_end": 5, "tau": 0.001, "output_psnr": 19.63945544858234, "output_ssim": 0.5984761714935303, "_timestamp": 1700827745.7064662, "_runtime": 58.87256121635437, "_step": 0, "_wandb": {"runtime": 61}}