{"std_0": 90, "std_end": 5, "lamb_0": 10, "lamb_end": 3, "tau": 0.0001, "output_psnr": 19.42535859528854, "output_ssim": 0.5637633800506592, "_timestamp": 1700836472.1964543, "_runtime": 34.86733937263489, "_step": 0, "_wandb": {"runtime": 36}}