{"std_0": 91.11582828830208, "std_end": 9.124782736323432, "lamb_0": 49.90141575002404, "lamb_end": 4.449484429876232, "tau": 0.0006081104493981326, "output_psnr": 20.006214490762776, "output_ssim": 0.5674974918365479, "_timestamp": 1700816998.0210993, "_runtime": 58.138007402420044, "_step": 0, "_wandb": {"runtime": 61}}