{"std_0": 0.07058823529411765, "std_end": 0.007058823529411765, "lamb_0": 0.3, "lamb_end": 0.3, "tau": 1, "maxitr": 600, "output_psnr": 25.78851425363631, "output_ssim": 0.8470621109008789, "_timestamp": 1701252621.6479971, "_runtime": 544.2564351558685, "_step": 3, "_wandb": {"runtime": 658}}