{"std_0": 90, "std_end": 5, "lamb_0": 40, "lamb_end": 1, "tau": 0.001, "output_psnr": 19.957201315131734, "output_ssim": 0.5923370718955994, "_timestamp": 1700825715.963441, "_runtime": 58.702897787094116, "_step": 0, "_wandb": {"runtime": 61}}