{"std_0": 90, "std_end": 5, "lamb_0": 20, "lamb_end": 7, "tau": 0.001, "output_psnr": 20.378133093544694, "output_ssim": 0.6299631595611572, "_timestamp": 1700828710.748547, "_runtime": 58.342095136642456, "_step": 0, "_wandb": {"runtime": 61}}