{"std_0": 0.07058823529411765, "std_end": 0.007058823529411765, "lamb_0": 0.1, "lamb_end": 0.1, "tau": 2, "maxitr": 200, "output_psnr": 23.13108115847573, "output_ssim": 0.6802432537078857, "_timestamp": 1701252482.8168306, "_runtime": 336.791131734848, "_step": 9, "_wandb": {"runtime": 335}}