{"std_0": 90, "std_end": 5, "lamb_0": 1, "lamb_end": 1, "tau": 0.0001, "output_psnr": 20.260571068221, "output_ssim": 0.6191301345825195, "_timestamp": 1700836998.6944916, "_runtime": 33.093695640563965, "_step": 0, "_wandb": {"runtime": 35}}