{"std_0": 80, "std_end": 7, "lamb_0": 30, "lamb_end": 0.1, "tau": 0.001, "output_psnr": 19.93890939637677, "output_ssim": 0.5603600144386292, "_timestamp": 1700824076.8039234, "_runtime": 58.6785204410553, "_step": 0, "_wandb": {"runtime": 61}}