{"std_0": 90, "std_end": 7, "lamb_0": 40, "lamb_end": 0.1, "tau": 0.001, "output_psnr": 19.788909173677894, "output_ssim": 0.5510619282722473, "_timestamp": 1700826569.6307387, "_runtime": 58.72211980819702, "_step": 0, "_wandb": {"runtime": 61}}