{"std_0": 0.07058823529411765, "std_end": 0.007058823529411765, "lamb_0": 0.1, "lamb_end": 0.1, "stepsize": 0.2, "maxitr": 600, "output_psnr": 15.463349657346866, "output_ssim": 0.3052722215652466, "_timestamp": 1701963683.4885123, "_runtime": 246.0822193622589, "_step": 0, "_wandb": {"runtime": 245}}