{"std_0": 100, "std_end": 5, "lamb_0": 50, "lamb_end": 5, "tau": 0.001, "output_psnr": 19.82055225264779, "output_ssim": 0.6154140830039978, "_timestamp": 1700827268.4070015, "_runtime": 58.340036392211914, "_step": 0, "_wandb": {"runtime": 61}}