{"std_0": 64.19692193110552, "std_end": 9.327437924751754, "lamb_0": 68.98527723704329, "lamb_end": 4.918279918784297, "tau": 0.004987065800563964, "output_psnr": 0.07422577620729966, "output_ssim": 0.00031523933284915984, "_timestamp": 1700815613.0210233, "_runtime": 57.63230037689209, "_step": 2, "_wandb": {"runtime": 61}}