{"std_0": null, "std_end": null, "lamb_0": null, "lamb_end": null, "stepsize": 1.6677181699666568, "maxitr": 100, "output_psnr": 25.13610323353548, "output_ssim": 0.5918295979499817, "output_lpips": 0.2081446386873722, "output_brisque": 13.707930948932216, "_timestamp": 1705913689.8202987, "_runtime": 59.235663652420044, "_step": 0, "_wandb": {"runtime": 58}}